{
    "BYBIT:FIL/USDT:USDT": 1772031277.2800615,
    "BINANCE:SUI/USDT:USDT": 1772036616.537316,
    "BINANCE:SOL/USDT:USDT": 1772038035.551713,
    "BINANCE:OP/USDT:USDT": 1772038235.2787824
}