{
    "BYBIT:AVAX/USDT:USDT": 1772025900.880646,
    "BYBIT:NEAR/USDT:USDT": 1772028101.7647755,
    "BYBIT:SEI/USDT:USDT": 1772028619.4347196,
    "BYBIT:TIA/USDT:USDT": 1772029543.2989812,
    "BYBIT:FET/USDT:USDT": 1772030823.2270389,
    "BYBIT:FIL/USDT:USDT": 1772031277.2800615
}